-- Exemplos SQL (MySQL 8+) - Hotel Nébula
CREATE DATABASE IF NOT EXISTS hotel_nebula;
USE hotel_nebula;

DROP TABLE IF EXISTS feedbacks;
DROP TABLE IF EXISTS pagamentos;
DROP TABLE IF EXISTS hospedagem_servicos;
DROP TABLE IF EXISTS servicos;
DROP TABLE IF EXISTS hospedagens;
DROP TABLE IF EXISTS reservas;
DROP TABLE IF EXISTS quartos;
DROP TABLE IF EXISTS funcionarios;
DROP TABLE IF EXISTS hospedes;

CREATE TABLE hospedes (
    id_hospede INT PRIMARY KEY,
    nome VARCHAR(100) NOT NULL,
    email VARCHAR(120) NOT NULL UNIQUE,
    cpf VARCHAR(14) NOT NULL UNIQUE,
    telefone VARCHAR(20),
    data_nascimento DATE,
    data_cadastro DATETIME NOT NULL DEFAULT CURRENT_TIMESTAMP,
    ativo BOOLEAN NOT NULL DEFAULT TRUE
) ENGINE=InnoDB;

CREATE TABLE funcionarios (
    id_funcionario INT PRIMARY KEY,
    nome VARCHAR(100) NOT NULL,
    cargo VARCHAR(50) NOT NULL,
    departamento VARCHAR(50),
    email VARCHAR(120) UNIQUE,
    telefone VARCHAR(20),
    ativo BOOLEAN NOT NULL DEFAULT TRUE
) ENGINE=InnoDB;

CREATE TABLE quartos (
    id_quarto INT PRIMARY KEY,
    numero VARCHAR(10) NOT NULL UNIQUE,
    tipo VARCHAR(40) NOT NULL,
    capacidade INT NOT NULL,
    preco_diaria DECIMAL(10,2) NOT NULL,
    status VARCHAR(20) NOT NULL,
    andar INT,
    vista VARCHAR(40)
) ENGINE=InnoDB;

CREATE TABLE reservas (
    id_reserva INT PRIMARY KEY,
    id_hospede INT NOT NULL,
    id_quarto INT NOT NULL,
    data_reserva DATETIME NOT NULL,
    data_checkin DATE NOT NULL,
    data_checkout DATE NOT NULL,
    status VARCHAR(20) NOT NULL,
    canal VARCHAR(30) NOT NULL,
    valor_previsto DECIMAL(10,2) NOT NULL,
    CONSTRAINT fk_reserva_hospede FOREIGN KEY (id_hospede) REFERENCES hospedes(id_hospede),
    CONSTRAINT fk_reserva_quarto FOREIGN KEY (id_quarto) REFERENCES quartos(id_quarto)
) ENGINE=InnoDB;

CREATE TABLE hospedagens (
    id_hospedagem INT PRIMARY KEY,
    id_reserva INT NOT NULL UNIQUE,
    id_funcionario_checkin INT,
    id_funcionario_checkout INT,
    checkin_real DATETIME,
    checkout_real DATETIME,
    status VARCHAR(20) NOT NULL,
    total_diarias DECIMAL(10,2) NOT NULL,
    total_servicos DECIMAL(10,2) NOT NULL,
    total_geral DECIMAL(10,2) NOT NULL,
    CONSTRAINT fk_hospedagem_reserva FOREIGN KEY (id_reserva) REFERENCES reservas(id_reserva),
    CONSTRAINT fk_hospedagem_func_checkin FOREIGN KEY (id_funcionario_checkin) REFERENCES funcionarios(id_funcionario),
    CONSTRAINT fk_hospedagem_func_checkout FOREIGN KEY (id_funcionario_checkout) REFERENCES funcionarios(id_funcionario)
) ENGINE=InnoDB;

CREATE TABLE servicos (
    id_servico INT PRIMARY KEY,
    nome VARCHAR(80) NOT NULL,
    categoria VARCHAR(40) NOT NULL,
    preco DECIMAL(10,2) NOT NULL,
    disponivel BOOLEAN NOT NULL DEFAULT TRUE
) ENGINE=InnoDB;

CREATE TABLE hospedagem_servicos (
    id_consumo INT PRIMARY KEY,
    id_hospedagem INT NOT NULL,
    id_servico INT NOT NULL,
    data_consumo DATETIME NOT NULL,
    quantidade INT NOT NULL,
    valor_unitario DECIMAL(10,2) NOT NULL,
    valor_total DECIMAL(10,2) NOT NULL,
    CONSTRAINT fk_consumo_hospedagem FOREIGN KEY (id_hospedagem) REFERENCES hospedagens(id_hospedagem),
    CONSTRAINT fk_consumo_servico FOREIGN KEY (id_servico) REFERENCES servicos(id_servico)
) ENGINE=InnoDB;

CREATE TABLE pagamentos (
    id_pagamento INT PRIMARY KEY,
    id_hospedagem INT NOT NULL,
    valor DECIMAL(10,2) NOT NULL,
    metodo VARCHAR(30) NOT NULL,
    status VARCHAR(20) NOT NULL,
    data_pagamento DATETIME,
    transacao_id VARCHAR(60),
    CONSTRAINT fk_pagamento_hospedagem FOREIGN KEY (id_hospedagem) REFERENCES hospedagens(id_hospedagem)
) ENGINE=InnoDB;

CREATE TABLE feedbacks (
    id_feedback INT PRIMARY KEY,
    id_hospede INT NOT NULL,
    id_quarto INT NOT NULL,
    id_hospedagem INT NOT NULL,
    nota_geral DECIMAL(2,1) NOT NULL,
    comentario TEXT,
    data_avaliacao DATETIME NOT NULL,
    CONSTRAINT fk_feedback_hospede FOREIGN KEY (id_hospede) REFERENCES hospedes(id_hospede),
    CONSTRAINT fk_feedback_quarto FOREIGN KEY (id_quarto) REFERENCES quartos(id_quarto),
    CONSTRAINT fk_feedback_hospedagem FOREIGN KEY (id_hospedagem) REFERENCES hospedagens(id_hospedagem)
) ENGINE=InnoDB;

INSERT INTO hospedes (id_hospede, nome, email, cpf, telefone, data_nascimento, data_cadastro, ativo) VALUES
(1, 'Carlos Andrade', 'carlos.andrade@email.com', '123.456.789-00', '+55 11 98765-4321', '1985-03-22', '2025-01-10 10:30:00', TRUE),
(2, 'Marina Costa', 'marina.costa@email.com', '456.789.123-55', '+55 21 99876-1111', '1992-08-15', '2025-01-18 14:10:00', TRUE),
(3, 'Pedro Lima', 'pedro.lima@email.com', '321.654.987-10', '+55 31 97777-2222', '1979-12-02', '2025-02-02 09:00:00', TRUE),
(4, 'Ana Quark', 'ana.quark@email.com', '111.222.333-44', '+55 11 97654-1001', '1990-07-11', '2025-03-01 12:15:00', TRUE),
(5, 'Bruno Turing', 'bruno.turing@email.com', '222.333.444-55', '+55 41 98888-2002', '1988-11-03', '2025-03-03 16:40:00', TRUE),
(6, 'Clara Voyager', 'clara.voyager@email.com', '333.444.555-66', '+55 51 97777-3003', '1995-01-19', '2025-03-05 08:20:00', TRUE),
(7, 'Diego Byte', 'diego.byte@email.com', '444.555.666-77', '+55 61 96666-4004', '1998-09-27', '2025-03-07 19:05:00', TRUE),
(8, 'Elisa Nebula', 'elisa.nebula@email.com', '555.666.777-88', '+55 71 95555-5005', '1991-04-14', '2025-03-09 10:55:00', TRUE),
(9, 'Felipe Quantum', 'felipe.quantum@email.com', '666.777.888-99', '+55 81 94444-6006', '1984-06-29', '2025-03-11 15:35:00', TRUE),
(10, 'Giovana Pixel', 'giovana.pixel@email.com', '777.888.999-11', '+55 91 93333-7007', '1997-12-08', '2025-03-14 09:45:00', TRUE),
(11, 'Naruto Uzumaki', 'naruto.uzumaki@email.com', '888.111.222-33', '+55 11 90000-0011', '1994-10-10', '2025-03-16 09:10:00', TRUE),
(12, 'Sasuke Uchiha', 'sasuke.uchiha@email.com', '888.111.222-34', '+55 11 90000-0012', '1994-07-23', '2025-03-16 09:12:00', TRUE),
(13, 'Sakura Haruno', 'sakura.haruno@email.com', '888.111.222-35', '+55 11 90000-0013', '1994-03-28', '2025-03-16 09:14:00', TRUE),
(14, 'Kakashi Hatake', 'kakashi.hatake@email.com', '888.111.222-36', '+55 11 90000-0014', '1988-09-15', '2025-03-16 09:16:00', TRUE),
(15, 'Goku Son', 'goku.son@email.com', '888.111.222-37', '+55 11 90000-0015', '1986-04-16', '2025-03-16 09:18:00', TRUE),
(16, 'Vegeta Prince', 'vegeta.prince@email.com', '888.111.222-38', '+55 11 90000-0016', '1985-11-11', '2025-03-16 09:20:00', TRUE),
(17, 'Bulma Briefs', 'bulma.briefs@email.com', '888.111.222-39', '+55 11 90000-0017', '1990-08-18', '2025-03-16 09:22:00', TRUE),
(18, 'Luffy Monkey', 'luffy.monkey@email.com', '888.111.222-40', '+55 11 90000-0018', '1997-05-05', '2025-03-16 09:24:00', TRUE),
(19, 'Roronoa Zoro', 'roronoa.zoro@email.com', '888.111.222-41', '+55 11 90000-0019', '1993-11-11', '2025-03-16 09:26:00', TRUE),
(20, 'Nami Navigator', 'nami.navigator@email.com', '888.111.222-42', '+55 11 90000-0020', '1996-07-03', '2025-03-16 09:28:00', TRUE),
(21, 'Levi Ackerman', 'levi.ackerman@email.com', '888.111.222-43', '+55 11 90000-0021', '1989-12-25', '2025-03-16 09:30:00', TRUE),
(22, 'Mikasa Ackerman', 'mikasa.ackerman@email.com', '888.111.222-44', '+55 11 90000-0022', '1998-02-10', '2025-03-16 09:32:00', TRUE),
(23, 'Eren Yeager', 'eren.yeager@email.com', '888.111.222-45', '+55 11 90000-0023', '1999-03-30', '2025-03-16 09:34:00', TRUE),
(24, 'Edward Elric', 'edward.elric@email.com', '888.111.222-46', '+55 11 90000-0024', '1995-01-01', '2025-03-16 09:36:00', TRUE),
(25, 'Tony Stark', 'tony.stark@email.com', '999.222.333-11', '+55 21 90000-0025', '1978-05-29', '2025-03-17 10:10:00', TRUE),
(26, 'Steve Rogers', 'steve.rogers@email.com', '999.222.333-12', '+55 21 90000-0026', '1980-07-04', '2025-03-17 10:12:00', TRUE),
(27, 'Natasha Romanoff', 'natasha.romanoff@email.com', '999.222.333-13', '+55 21 90000-0027', '1987-11-22', '2025-03-17 10:14:00', TRUE),
(28, 'Thor Odinson', 'thor.odinson@email.com', '999.222.333-14', '+55 21 90000-0028', '1984-06-14', '2025-03-17 10:16:00', TRUE),
(29, 'Bruce Banner', 'bruce.banner@email.com', '999.222.333-15', '+55 21 90000-0029', '1979-12-18', '2025-03-17 10:18:00', TRUE),
(30, 'Peter Parker', 'peter.parker@email.com', '999.222.333-16', '+55 21 90000-0030', '2001-08-10', '2025-03-17 10:20:00', TRUE),
(31, 'Wanda Maximoff', 'wanda.maximoff@email.com', '999.222.333-17', '+55 21 90000-0031', '1994-02-20', '2025-03-17 10:22:00', TRUE),
(32, 'Doctor Strange', 'doctor.strange@email.com', '999.222.333-18', '+55 21 90000-0032', '1976-01-15', '2025-03-17 10:24:00', TRUE),
(33, 'TChalla Wakanda', 'tchalla.wakanda@email.com', '999.222.333-19', '+55 21 90000-0033', '1988-09-09', '2025-03-17 10:26:00', TRUE),
(34, 'Carol Danvers', 'carol.danvers@email.com', '999.222.333-20', '+55 21 90000-0034', '1986-10-17', '2025-03-17 10:28:00', TRUE),
(35, 'Bruce Wayne', 'bruce.wayne@email.com', '999.333.444-21', '+55 31 90000-0035', '1975-02-19', '2025-03-18 11:10:00', TRUE),
(36, 'Clark Kent', 'clark.kent@email.com', '999.333.444-22', '+55 31 90000-0036', '1982-06-18', '2025-03-18 11:12:00', TRUE),
(37, 'Diana Prince', 'diana.prince@email.com', '999.333.444-23', '+55 31 90000-0037', '1989-03-22', '2025-03-18 11:14:00', TRUE),
(38, 'Barry Allen', 'barry.allen@email.com', '999.333.444-24', '+55 31 90000-0038', '1991-04-09', '2025-03-18 11:16:00', TRUE),
(39, 'Arthur Curry', 'arthur.curry@email.com', '999.333.444-25', '+55 31 90000-0039', '1987-01-29', '2025-03-18 11:18:00', TRUE),
(40, 'Hal Jordan', 'hal.jordan@email.com', '999.333.444-26', '+55 31 90000-0040', '1985-05-03', '2025-03-18 11:20:00', TRUE);

INSERT INTO funcionarios (id_funcionario, nome, cargo, departamento, email, telefone, ativo) VALUES
(1, 'Juliana Martins', 'Recepcionista', 'Recepção', 'juliana.martins@hotelnebula.com', '+55 21 99123-4567', TRUE),
(2, 'Rafael Nunes', 'Recepcionista', 'Recepção', 'rafael.nunes@hotelnebula.com', '+55 21 99222-1111', TRUE),
(3, 'Ana Prado', 'Supervisora', 'Operações', 'ana.prado@hotelnebula.com', '+55 21 99333-2222', TRUE),
(4, 'Thiago Vector', 'Concierge', 'Hospitalidade', 'thiago.vector@hotelnebula.com', '+55 21 99444-3333', TRUE),
(5, 'Renata Cosmos', 'Coordenadora de Eventos', 'Eventos', 'renata.cosmos@hotelnebula.com', '+55 21 99555-4444', TRUE),
(6, 'Lucas Kernel', 'Analista de TI', 'Tecnologia', 'lucas.kernel@hotelnebula.com', '+55 21 99666-5555', TRUE);

INSERT INTO quartos (id_quarto, numero, tipo, capacidade, preco_diaria, status, andar, vista) VALUES
(1, '101', 'standard', 2, 250.00, 'disponivel', 1, 'jardim'),
(2, '202', 'luxo', 3, 420.00, 'ocupado', 2, 'mar'),
(3, '303', 'suite', 4, 680.00, 'disponivel', 3, 'mar'),
(4, '404', 'suite_gamer', 2, 750.00, 'ocupado', 4, 'cidade'),
(5, '501', 'studio_scifi', 2, 540.00, 'disponivel', 5, 'montanha'),
(6, '601', 'familia', 5, 820.00, 'ocupado', 6, 'cidade'),
(7, '707', 'executivo', 2, 460.00, 'manutencao', 7, 'cidade'),
(8, '808', 'capsula', 1, 320.00, 'disponivel', 8, 'panoramica');

INSERT INTO reservas (id_reserva, id_hospede, id_quarto, data_reserva, data_checkin, data_checkout, status, canal, valor_previsto) VALUES
(1, 1, 1, '2025-03-28 14:22:00', '2025-04-10', '2025-04-14', 'confirmada', 'site_proprio', 1000.00),
(2, 2, 2, '2025-03-30 16:00:00', '2025-04-12', '2025-04-15', 'confirmada', 'agencia_online', 1260.00),
(3, 3, 3, '2025-04-01 11:45:00', '2025-04-20', '2025-04-23', 'cancelada', 'telefone', 2040.00),
(4, 4, 4, '2025-04-25 13:10:00', '2025-05-02', '2025-05-06', 'confirmada', 'site_proprio', 3000.00),
(5, 5, 6, '2025-04-26 09:30:00', '2025-05-03', '2025-05-07', 'confirmada', 'agencia_online', 3280.00),
(6, 6, 5, '2025-04-27 20:05:00', '2025-05-05', '2025-05-08', 'confirmada', 'app_mobile', 1620.00),
(7, 7, 8, '2025-04-29 18:40:00', '2025-05-12', '2025-05-14', 'pendente', 'site_proprio', 640.00),
(8, 8, 2, '2025-04-22 10:00:00', '2025-05-01', '2025-05-04', 'confirmada', 'empresa_parceira', 1260.00),
(9, 9, 1, '2025-05-01 11:30:00', '2025-05-06', '2025-05-09', 'confirmada', 'telefone', 750.00),
(10, 10, 3, '2025-05-02 17:55:00', '2025-05-15', '2025-05-18', 'cancelada', 'agencia_online', 2040.00),
(11, 11, 1, '2025-05-24 09:00:00', '2025-06-01', '2025-06-04', 'confirmada', 'site_proprio', 750.00),
(12, 12, 2, '2025-05-25 09:00:00', '2025-06-02', '2025-06-05', 'confirmada', 'app_mobile', 1260.00),
(13, 13, 3, '2025-05-26 09:00:00', '2025-06-03', '2025-06-06', 'confirmada', 'agencia_online', 2040.00),
(14, 14, 4, '2025-05-27 09:00:00', '2025-06-04', '2025-06-07', 'confirmada', 'site_proprio', 2250.00),
(15, 15, 5, '2025-05-28 09:00:00', '2025-06-05', '2025-06-08', 'confirmada', 'app_mobile', 1620.00),
(16, 16, 6, '2025-05-29 09:00:00', '2025-06-06', '2025-06-09', 'confirmada', 'agencia_online', 2460.00),
(17, 17, 7, '2025-05-30 09:00:00', '2025-06-07', '2025-06-10', 'confirmada', 'site_proprio', 1380.00),
(18, 18, 8, '2025-05-31 09:00:00', '2025-06-08', '2025-06-11', 'confirmada', 'app_mobile', 960.00),
(19, 19, 1, '2025-06-01 09:00:00', '2025-06-09', '2025-06-12', 'confirmada', 'agencia_online', 750.00),
(20, 20, 2, '2025-06-02 09:00:00', '2025-06-10', '2025-06-13', 'confirmada', 'site_proprio', 1260.00),
(21, 21, 3, '2025-06-03 09:00:00', '2025-06-11', '2025-06-14', 'confirmada', 'app_mobile', 2040.00),
(22, 22, 4, '2025-06-04 09:00:00', '2025-06-12', '2025-06-15', 'confirmada', 'agencia_online', 2250.00),
(23, 23, 5, '2025-06-05 09:00:00', '2025-06-13', '2025-06-16', 'confirmada', 'site_proprio', 1620.00),
(24, 24, 6, '2025-06-06 09:00:00', '2025-06-14', '2025-06-17', 'confirmada', 'app_mobile', 2460.00),
(25, 25, 7, '2025-06-07 09:00:00', '2025-06-15', '2025-06-18', 'confirmada', 'agencia_online', 1380.00),
(26, 26, 8, '2025-06-08 09:00:00', '2025-06-16', '2025-06-19', 'confirmada', 'site_proprio', 960.00),
(27, 27, 1, '2025-06-09 09:00:00', '2025-06-17', '2025-06-20', 'confirmada', 'app_mobile', 750.00),
(28, 28, 2, '2025-06-10 09:00:00', '2025-06-18', '2025-06-21', 'confirmada', 'agencia_online', 1260.00),
(29, 29, 3, '2025-06-11 09:00:00', '2025-06-19', '2025-06-22', 'confirmada', 'site_proprio', 2040.00),
(30, 30, 4, '2025-06-12 09:00:00', '2025-06-20', '2025-06-23', 'confirmada', 'app_mobile', 2250.00),
(31, 31, 5, '2025-06-13 09:00:00', '2025-06-21', '2025-06-24', 'confirmada', 'agencia_online', 1620.00),
(32, 32, 6, '2025-06-14 09:00:00', '2025-06-22', '2025-06-25', 'confirmada', 'site_proprio', 2460.00),
(33, 33, 7, '2025-06-15 09:00:00', '2025-06-23', '2025-06-26', 'confirmada', 'app_mobile', 1380.00),
(34, 34, 8, '2025-06-16 09:00:00', '2025-06-24', '2025-06-27', 'confirmada', 'agencia_online', 960.00),
(35, 35, 1, '2025-06-17 09:00:00', '2025-06-25', '2025-06-28', 'confirmada', 'site_proprio', 750.00),
(36, 36, 2, '2025-06-18 09:00:00', '2025-06-26', '2025-06-29', 'confirmada', 'app_mobile', 1260.00),
(37, 37, 3, '2025-06-19 09:00:00', '2025-06-27', '2025-06-30', 'confirmada', 'agencia_online', 2040.00),
(38, 38, 4, '2025-06-20 09:00:00', '2025-06-28', '2025-07-01', 'confirmada', 'site_proprio', 2250.00),
(39, 39, 5, '2025-06-21 09:00:00', '2025-06-29', '2025-07-02', 'confirmada', 'app_mobile', 1620.00),
(40, 40, 6, '2025-06-22 09:00:00', '2025-06-30', '2025-07-03', 'confirmada', 'agencia_online', 2460.00);

INSERT INTO hospedagens (id_hospedagem, id_reserva, id_funcionario_checkin, id_funcionario_checkout, checkin_real, checkout_real, status, total_diarias, total_servicos, total_geral) VALUES
(1, 1, 1, 2, '2025-04-10 14:35:00', '2025-04-14 11:10:00', 'encerrada', 1000.00, 245.00, 1245.00),
(2, 2, 2, NULL, '2025-04-12 15:20:00', NULL, 'em_andamento', 1260.00, 90.00, 1350.00),
(3, 4, 1, 3, '2025-05-02 13:50:00', '2025-05-06 10:40:00', 'encerrada', 3000.00, 445.00, 3445.00),
(4, 5, 2, 2, '2025-05-03 14:05:00', '2025-05-07 11:20:00', 'encerrada', 3280.00, 375.00, 3655.00),
(5, 6, 1, NULL, '2025-05-05 15:10:00', NULL, 'em_andamento', 1620.00, 155.00, 1775.00),
(6, 8, 4, 4, '2025-05-01 14:45:00', '2025-05-04 11:05:00', 'encerrada', 1260.00, 210.00, 1470.00),
(7, 9, 2, NULL, '2025-05-06 16:00:00', NULL, 'em_andamento', 750.00, 120.00, 870.00),
(8, 11, 1, 2, '2025-06-01 14:10:00', '2025-06-04 11:05:00', 'encerrada', 750.00, 180.00, 930.00),
(9, 12, 2, 3, '2025-06-02 14:10:00', '2025-06-05 11:05:00', 'encerrada', 1260.00, 200.00, 1460.00),
(10, 13, 4, 4, '2025-06-03 14:10:00', '2025-06-06 11:05:00', 'encerrada', 2040.00, 220.00, 2260.00),
(11, 14, 1, 3, '2025-06-04 14:10:00', '2025-06-07 11:05:00', 'encerrada', 2250.00, 260.00, 2510.00),
(12, 15, 2, 2, '2025-06-05 14:10:00', '2025-06-08 11:05:00', 'encerrada', 1620.00, 195.00, 1815.00),
(13, 16, 4, 4, '2025-06-06 14:10:00', '2025-06-09 11:05:00', 'encerrada', 2460.00, 310.00, 2770.00),
(14, 17, 1, 2, '2025-06-07 14:10:00', '2025-06-10 11:05:00', 'encerrada', 1380.00, 170.00, 1550.00),
(15, 18, 2, 3, '2025-06-08 14:10:00', '2025-06-11 11:05:00', 'encerrada', 960.00, 130.00, 1090.00),
(16, 19, 4, 4, '2025-06-09 14:10:00', '2025-06-12 11:05:00', 'encerrada', 750.00, 115.00, 865.00),
(17, 20, 1, 3, '2025-06-10 14:10:00', '2025-06-13 11:05:00', 'encerrada', 1260.00, 185.00, 1445.00),
(18, 21, 2, 2, '2025-06-11 14:10:00', '2025-06-14 11:05:00', 'encerrada', 2040.00, 250.00, 2290.00),
(19, 22, 4, 4, '2025-06-12 14:10:00', '2025-06-15 11:05:00', 'encerrada', 2250.00, 275.00, 2525.00),
(20, 23, 1, 2, '2025-06-13 14:10:00', '2025-06-16 11:05:00', 'encerrada', 1620.00, 210.00, 1830.00),
(21, 24, 2, 3, '2025-06-14 14:10:00', '2025-06-17 11:05:00', 'encerrada', 2460.00, 295.00, 2755.00),
(22, 25, 4, 4, '2025-06-15 14:10:00', '2025-06-18 11:05:00', 'encerrada', 1380.00, 190.00, 1570.00),
(23, 26, 1, 3, '2025-06-16 14:10:00', '2025-06-19 11:05:00', 'encerrada', 960.00, 140.00, 1100.00),
(24, 27, 2, 2, '2025-06-17 14:10:00', '2025-06-20 11:05:00', 'encerrada', 750.00, 120.00, 870.00),
(25, 28, 4, 4, '2025-06-18 14:10:00', '2025-06-21 11:05:00', 'encerrada', 1260.00, 180.00, 1440.00),
(26, 29, 1, 2, '2025-06-19 14:10:00', '2025-06-22 11:05:00', 'encerrada', 2040.00, 235.00, 2275.00),
(27, 30, 2, 3, '2025-06-20 14:10:00', '2025-06-23 11:05:00', 'encerrada', 2250.00, 280.00, 2530.00),
(28, 31, 4, 4, '2025-06-21 14:10:00', '2025-06-24 11:05:00', 'encerrada', 1620.00, 205.00, 1825.00),
(29, 32, 1, 3, '2025-06-22 14:10:00', '2025-06-25 11:05:00', 'encerrada', 2460.00, 305.00, 2765.00),
(30, 33, 2, 2, '2025-06-23 14:10:00', '2025-06-26 11:05:00', 'encerrada', 1380.00, 175.00, 1555.00),
(31, 34, 4, 4, '2025-06-24 14:10:00', '2025-06-27 11:05:00', 'encerrada', 960.00, 145.00, 1105.00),
(32, 35, 1, 2, '2025-06-25 14:10:00', '2025-06-28 11:05:00', 'encerrada', 750.00, 110.00, 860.00),
(33, 36, 2, 3, '2025-06-26 14:10:00', '2025-06-29 11:05:00', 'encerrada', 1260.00, 190.00, 1450.00),
(34, 37, 4, 4, '2025-06-27 14:10:00', '2025-06-30 11:05:00', 'encerrada', 2040.00, 245.00, 2285.00),
(35, 38, 1, 3, '2025-06-28 14:10:00', '2025-07-01 11:05:00', 'encerrada', 2250.00, 270.00, 2520.00),
(36, 39, 2, 2, '2025-06-29 14:10:00', '2025-07-02 11:05:00', 'encerrada', 1620.00, 200.00, 1820.00),
(37, 40, 4, 4, '2025-06-30 14:10:00', '2025-07-03 11:05:00', 'encerrada', 2460.00, 315.00, 2775.00);

INSERT INTO servicos (id_servico, nome, categoria, preco, disponivel) VALUES
(1, 'Café da manhã', 'alimentacao', 45.00, TRUE),
(2, 'Lavanderia', 'comodidade', 80.00, TRUE),
(3, 'Minibar', 'alimentacao', 25.00, TRUE),
(4, 'Transfer aeroporto', 'transporte', 120.00, TRUE),
(5, 'Sala de jogos retrô', 'entretenimento', 60.00, TRUE),
(6, 'Kit board games', 'entretenimento', 35.00, TRUE),
(7, 'Estação VR', 'entretenimento', 150.00, TRUE),
(8, 'Workshop de robótica', 'experiencia', 220.00, TRUE),
(9, 'Tour observatório astronomia', 'experiencia', 180.00, TRUE);

INSERT INTO hospedagem_servicos (id_consumo, id_hospedagem, id_servico, data_consumo, quantidade, valor_unitario, valor_total) VALUES
(1, 1, 1, '2025-04-11 08:15:00', 2, 45.00, 90.00),
(2, 1, 2, '2025-04-12 10:00:00', 1, 80.00, 80.00),
(3, 1, 3, '2025-04-13 22:30:00', 3, 25.00, 75.00),
(4, 2, 1, '2025-04-13 08:20:00', 2, 45.00, 90.00),
(5, 3, 5, '2025-05-03 19:30:00', 2, 60.00, 120.00),
(6, 3, 7, '2025-05-04 20:15:00', 1, 150.00, 150.00),
(7, 3, 1, '2025-05-05 08:05:00', 2, 45.00, 90.00),
(8, 3, 3, '2025-05-05 22:10:00', 2, 25.00, 50.00),
(9, 3, 6, '2025-05-05 17:20:00', 1, 35.00, 35.00),
(10, 4, 1, '2025-05-04 08:10:00', 1, 45.00, 45.00),
(11, 4, 2, '2025-05-04 10:20:00', 1, 80.00, 80.00),
(12, 4, 6, '2025-05-05 16:40:00', 2, 35.00, 70.00),
(13, 4, 9, '2025-05-06 21:00:00', 1, 180.00, 180.00),
(14, 5, 5, '2025-05-06 18:25:00', 1, 60.00, 60.00),
(15, 5, 3, '2025-05-06 23:15:00', 2, 25.00, 50.00),
(16, 5, 1, '2025-05-07 07:55:00', 1, 45.00, 45.00),
(17, 6, 4, '2025-05-02 09:30:00', 1, 120.00, 120.00),
(18, 6, 1, '2025-05-03 08:00:00', 2, 45.00, 90.00),
(19, 7, 3, '2025-05-07 22:45:00', 1, 25.00, 25.00),
(20, 7, 5, '2025-05-08 20:10:00', 1, 60.00, 60.00),
(21, 7, 6, '2025-05-08 18:00:00', 1, 35.00, 35.00),
(22, 8, 1, '2025-06-01 20:10:00', 4, 45.00, 180.00),
(23, 9, 1, '2025-06-02 20:10:00', 4, 45.00, 180.00),
(24, 9, 3, '2025-06-03 22:10:00', 1, 25.00, 20.00),
(25, 10, 1, '2025-06-03 20:10:00', 3, 45.00, 135.00),
(26, 10, 5, '2025-06-03 22:10:00', 1, 60.00, 60.00),
(27, 10, 3, '2025-06-05 00:10:00', 1, 25.00, 25.00),
(28, 11, 1, '2025-06-04 20:10:00', 4, 45.00, 180.00),
(29, 11, 6, '2025-06-04 22:10:00', 1, 35.00, 35.00),
(30, 11, 3, '2025-06-06 00:10:00', 1, 25.00, 45.00),
(31, 12, 1, '2025-06-05 20:10:00', 3, 45.00, 135.00),
(32, 12, 5, '2025-06-06 22:10:00', 1, 60.00, 60.00),
(33, 13, 1, '2025-06-06 20:10:00', 4, 45.00, 180.00),
(34, 13, 2, '2025-06-06 22:10:00', 1, 80.00, 80.00),
(35, 13, 3, '2025-06-08 00:10:00', 2, 25.00, 50.00),
(36, 14, 1, '2025-06-07 20:10:00', 3, 45.00, 135.00),
(37, 14, 6, '2025-06-08 22:10:00', 1, 35.00, 35.00),
(38, 15, 1, '2025-06-08 20:10:00', 2, 45.00, 90.00),
(39, 15, 3, '2025-06-09 22:10:00', 1, 25.00, 40.00),
(40, 16, 1, '2025-06-09 20:10:00', 1, 45.00, 45.00),
(41, 16, 6, '2025-06-10 22:10:00', 2, 35.00, 70.00),
(42, 17, 1, '2025-06-10 20:10:00', 3, 45.00, 135.00),
(43, 17, 3, '2025-06-11 22:10:00', 2, 25.00, 50.00),
(44, 18, 1, '2025-06-11 20:10:00', 2, 45.00, 90.00),
(45, 18, 2, '2025-06-12 22:10:00', 2, 80.00, 160.00),
(46, 19, 1, '2025-06-12 20:10:00', 2, 45.00, 90.00),
(47, 19, 2, '2025-06-12 22:10:00', 1, 80.00, 80.00),
(48, 19, 6, '2025-06-14 00:10:00', 1, 35.00, 35.00),
(49, 19, 3, '2025-06-14 02:10:00', 3, 25.00, 70.00),
(50, 20, 1, '2025-06-13 20:10:00', 3, 45.00, 135.00),
(51, 20, 6, '2025-06-13 22:10:00', 1, 35.00, 35.00),
(52, 20, 3, '2025-06-15 00:10:00', 2, 25.00, 40.00),
(53, 21, 1, '2025-06-14 20:10:00', 3, 45.00, 135.00),
(54, 21, 2, '2025-06-15 22:10:00', 2, 80.00, 160.00),
(55, 22, 1, '2025-06-15 20:10:00', 3, 45.00, 135.00),
(56, 22, 3, '2025-06-16 22:10:00', 2, 25.00, 55.00),
(57, 23, 1, '2025-06-16 20:10:00', 2, 45.00, 90.00),
(58, 23, 3, '2025-06-17 22:10:00', 2, 25.00, 50.00),
(59, 24, 1, '2025-06-17 20:10:00', 1, 45.00, 45.00),
(60, 24, 3, '2025-06-18 22:10:00', 3, 25.00, 75.00),
(61, 25, 1, '2025-06-18 20:10:00', 4, 45.00, 180.00),
(62, 26, 1, '2025-06-19 20:10:00', 2, 45.00, 90.00),
(63, 26, 2, '2025-06-19 22:10:00', 1, 80.00, 80.00),
(64, 26, 6, '2025-06-21 00:10:00', 1, 35.00, 35.00),
(65, 26, 3, '2025-06-21 02:10:00', 1, 25.00, 30.00),
(66, 27, 1, '2025-06-20 20:10:00', 2, 45.00, 90.00),
(67, 27, 2, '2025-06-20 22:10:00', 1, 80.00, 80.00),
(68, 27, 3, '2025-06-22 00:10:00', 5, 25.00, 110.00),
(69, 28, 1, '2025-06-21 20:10:00', 1, 45.00, 45.00),
(70, 28, 2, '2025-06-22 22:10:00', 2, 80.00, 160.00),
(71, 29, 1, '2025-06-22 20:10:00', 1, 45.00, 45.00),
(72, 29, 2, '2025-06-22 22:10:00', 2, 80.00, 160.00),
(73, 29, 3, '2025-06-24 00:10:00', 4, 25.00, 100.00),
(74, 30, 1, '2025-06-23 20:10:00', 3, 45.00, 135.00),
(75, 30, 6, '2025-06-23 22:10:00', 1, 35.00, 35.00),
(76, 30, 3, '2025-06-25 00:10:00', 1, 25.00, 5.00),
(77, 31, 1, '2025-06-24 20:10:00', 2, 45.00, 90.00),
(78, 31, 6, '2025-06-24 22:10:00', 1, 35.00, 35.00),
(79, 31, 3, '2025-06-26 00:10:00', 1, 25.00, 20.00),
(80, 32, 1, '2025-06-25 20:10:00', 2, 45.00, 90.00),
(81, 32, 3, '2025-06-26 22:10:00', 1, 25.00, 20.00),
(82, 33, 1, '2025-06-26 20:10:00', 3, 45.00, 135.00),
(83, 33, 3, '2025-06-27 22:10:00', 2, 25.00, 55.00),
(84, 34, 1, '2025-06-27 20:10:00', 1, 45.00, 45.00),
(85, 34, 2, '2025-06-27 22:10:00', 1, 80.00, 80.00),
(86, 34, 4, '2025-06-29 00:10:00', 1, 120.00, 120.00),
(87, 35, 1, '2025-06-28 20:10:00', 2, 45.00, 90.00),
(88, 35, 2, '2025-06-28 22:10:00', 1, 80.00, 80.00),
(89, 35, 3, '2025-06-30 00:10:00', 4, 25.00, 100.00),
(90, 36, 1, '2025-06-29 20:10:00', 4, 45.00, 180.00),
(91, 36, 3, '2025-06-30 22:10:00', 1, 25.00, 20.00),
(92, 37, 1, '2025-06-30 20:10:00', 1, 45.00, 45.00),
(93, 37, 2, '2025-06-30 22:10:00', 1, 80.00, 80.00),
(94, 37, 7, '2025-07-02 00:10:00', 1, 150.00, 150.00),
(95, 37, 3, '2025-07-02 02:10:00', 1, 25.00, 40.00);

INSERT INTO pagamentos (id_pagamento, id_hospedagem, valor, metodo, status, data_pagamento, transacao_id) VALUES
(1, 1, 1000.00, 'cartao_credito', 'aprovado', '2025-04-14 11:05:00', 'TXN-VISA-00392'),
(2, 1, 245.00, 'pix', 'aprovado', '2025-04-14 11:06:00', 'TXN-PIX-00841'),
(3, 2, 300.00, 'cartao_debito', 'pendente', NULL, 'TXN-DEB-00077'),
(4, 3, 3000.00, 'cartao_credito', 'aprovado', '2025-05-06 10:50:00', 'TXN-VISA-01001'),
(5, 3, 445.00, 'pix', 'aprovado', '2025-05-06 10:52:00', 'TXN-PIX-01002'),
(6, 4, 3655.00, 'pix', 'aprovado', '2025-05-07 11:25:00', 'TXN-PIX-01003'),
(7, 5, 500.00, 'cartao_debito', 'pendente', NULL, 'TXN-DEB-01004'),
(8, 6, 1470.00, 'cartao_credito', 'aprovado', '2025-05-04 11:08:00', 'TXN-MC-01005'),
(9, 7, 300.00, 'pix', 'pendente', NULL, 'TXN-PIX-01006'),
(10, 5, 1275.00, 'pix', 'aprovado', '2025-05-07 20:10:00', 'TXN-PIX-01007'),
(11, 8, 930.00, 'pix', 'aprovado', '2025-06-04 11:10:00', 'TXN-PIX-02011'),
(12, 9, 1460.00, 'cartao_credito', 'aprovado', '2025-06-05 11:10:00', 'TXN-CC-02012'),
(13, 10, 2260.00, 'pix', 'aprovado', '2025-06-06 11:10:00', 'TXN-PIX-02013'),
(14, 11, 2510.00, 'cartao_credito', 'aprovado', '2025-06-07 11:10:00', 'TXN-CC-02014'),
(15, 12, 1815.00, 'pix', 'aprovado', '2025-06-08 11:10:00', 'TXN-PIX-02015'),
(16, 13, 2770.00, 'cartao_credito', 'aprovado', '2025-06-09 11:10:00', 'TXN-CC-02016'),
(17, 14, 1550.00, 'pix', 'aprovado', '2025-06-10 11:10:00', 'TXN-PIX-02017'),
(18, 15, 1090.00, 'cartao_credito', 'aprovado', '2025-06-11 11:10:00', 'TXN-CC-02018'),
(19, 16, 865.00, 'pix', 'aprovado', '2025-06-12 11:10:00', 'TXN-PIX-02019'),
(20, 17, 1445.00, 'cartao_credito', 'aprovado', '2025-06-13 11:10:00', 'TXN-CC-02020'),
(21, 18, 2290.00, 'pix', 'aprovado', '2025-06-14 11:10:00', 'TXN-PIX-02021'),
(22, 19, 2525.00, 'cartao_credito', 'aprovado', '2025-06-15 11:10:00', 'TXN-CC-02022'),
(23, 20, 1830.00, 'pix', 'aprovado', '2025-06-16 11:10:00', 'TXN-PIX-02023'),
(24, 21, 2755.00, 'cartao_credito', 'aprovado', '2025-06-17 11:10:00', 'TXN-CC-02024'),
(25, 22, 1570.00, 'pix', 'aprovado', '2025-06-18 11:10:00', 'TXN-PIX-02025'),
(26, 23, 1100.00, 'cartao_credito', 'aprovado', '2025-06-19 11:10:00', 'TXN-CC-02026'),
(27, 24, 870.00, 'pix', 'aprovado', '2025-06-20 11:10:00', 'TXN-PIX-02027'),
(28, 25, 1440.00, 'cartao_credito', 'aprovado', '2025-06-21 11:10:00', 'TXN-CC-02028'),
(29, 26, 2275.00, 'pix', 'aprovado', '2025-06-22 11:10:00', 'TXN-PIX-02029'),
(30, 27, 2530.00, 'cartao_credito', 'aprovado', '2025-06-23 11:10:00', 'TXN-CC-02030'),
(31, 28, 1825.00, 'pix', 'aprovado', '2025-06-24 11:10:00', 'TXN-PIX-02031'),
(32, 29, 2765.00, 'cartao_credito', 'aprovado', '2025-06-25 11:10:00', 'TXN-CC-02032'),
(33, 30, 1555.00, 'pix', 'aprovado', '2025-06-26 11:10:00', 'TXN-PIX-02033'),
(34, 31, 1105.00, 'cartao_credito', 'aprovado', '2025-06-27 11:10:00', 'TXN-CC-02034'),
(35, 32, 860.00, 'pix', 'aprovado', '2025-06-28 11:10:00', 'TXN-PIX-02035'),
(36, 33, 1450.00, 'cartao_credito', 'aprovado', '2025-06-29 11:10:00', 'TXN-CC-02036'),
(37, 34, 2285.00, 'pix', 'aprovado', '2025-06-30 11:10:00', 'TXN-PIX-02037'),
(38, 35, 2520.00, 'cartao_credito', 'aprovado', '2025-07-01 11:10:00', 'TXN-CC-02038'),
(39, 36, 1820.00, 'pix', 'aprovado', '2025-07-02 11:10:00', 'TXN-PIX-02039'),
(40, 37, 2775.00, 'cartao_credito', 'aprovado', '2025-07-03 11:10:00', 'TXN-CC-02040');

INSERT INTO feedbacks (id_feedback, id_hospede, id_quarto, id_hospedagem, nota_geral, comentario, data_avaliacao) VALUES
(1, 1, 1, 1, 4.5, 'Ótima estadia, equipe atenciosa e quarto muito limpo.', '2025-04-15 09:00:00'),
(2, 4, 4, 3, 5.0, 'Quarto gamer impecável, setup VR e jogos retrô sensacionais.', '2025-05-06 12:30:00'),
(3, 5, 6, 4, 4.8, 'Excelente para família geek, atendimento rápido e muito cordial.', '2025-05-07 13:10:00'),
(4, 8, 2, 6, 4.7, 'Vista linda e tour astronômico valeu cada minuto.', '2025-05-04 18:20:00'),
(5, 1, 1, 1, 4.6, 'Voltarei para a próxima maratona sci-fi no lounge do hotel.', '2025-04-16 10:15:00'),
(6, 11, 1, 8, 4.9, 'Incrível estadia, quarto silencioso e check-in rápido.', '2025-06-04 12:00:00'),
(7, 12, 2, 9, 4.8, 'Equipe muito eficiente e café da manhã excelente.', '2025-06-05 12:00:00'),
(8, 13, 3, 10, 4.9, 'Suíte confortável e ótima experiência geral.', '2025-06-06 12:00:00'),
(9, 14, 4, 11, 4.7, 'Ambiente impecável, voltarei em breve.', '2025-06-07 12:00:00'),
(10, 15, 5, 12, 4.8, 'Atendimento cordial e estrutura moderna.', '2025-06-08 12:00:00'),
(11, 16, 6, 13, 5.0, 'Hospedagem perfeita para descansar e trabalhar.', '2025-06-09 12:00:00'),
(12, 17, 7, 14, 4.6, 'Boa estadia e ótima localização do hotel.', '2025-06-10 12:00:00'),
(13, 18, 8, 15, 4.7, 'Organização exemplar e quarto bem equipado.', '2025-06-11 12:00:00'),
(14, 19, 1, 16, 4.8, 'Experiência muito positiva em todos os aspectos.', '2025-06-12 12:00:00'),
(15, 20, 2, 17, 4.9, 'Tudo funcionou bem do check-in ao checkout.', '2025-06-13 12:00:00'),
(16, 21, 3, 18, 4.7, 'Serviços rápidos e equipe atenciosa.', '2025-06-14 12:00:00'),
(17, 22, 4, 19, 4.8, 'Ótima limpeza e padrão elevado de conforto.', '2025-06-15 12:00:00'),
(18, 23, 5, 20, 4.9, 'Excelente custo-benefício para a categoria.', '2025-06-16 12:00:00'),
(19, 24, 6, 21, 5.0, 'Quarto amplo e experiência memorável.', '2025-06-17 12:00:00'),
(20, 25, 7, 22, 4.8, 'Recomendo para quem busca qualidade.', '2025-06-18 12:00:00'),
(21, 26, 8, 23, 4.7, 'Atendimento muito bom e ambiente agradável.', '2025-06-19 12:00:00'),
(22, 27, 1, 24, 4.8, 'Tudo muito organizado e sem contratempos.', '2025-06-20 12:00:00'),
(23, 28, 2, 25, 4.9, 'Estrutura excelente e staff prestativo.', '2025-06-21 12:00:00'),
(24, 29, 3, 26, 4.8, 'Serviços do hotel superaram expectativas.', '2025-06-22 12:00:00'),
(25, 30, 4, 27, 4.7, 'Ótima experiência em uma estadia curta.', '2025-06-23 12:00:00'),
(26, 31, 5, 28, 4.9, 'Conforto e praticidade durante toda a viagem.', '2025-06-24 12:00:00'),
(27, 32, 6, 29, 4.8, 'Serviço impecável e ótima acomodação.', '2025-06-25 12:00:00'),
(28, 33, 7, 30, 4.6, 'Hotel muito bom, equipe sempre disponível.', '2025-06-26 12:00:00'),
(29, 34, 8, 31, 4.7, 'Ambiente agradável e silencioso.', '2025-06-27 12:00:00'),
(30, 35, 1, 32, 4.8, 'Gostei muito da experiência completa.', '2025-06-28 12:00:00'),
(31, 36, 2, 33, 4.9, 'Retorno garantido em próxima viagem.', '2025-06-29 12:00:00'),
(32, 37, 3, 34, 4.8, 'Atendimento premium e quarto confortável.', '2025-06-30 12:00:00'),
(33, 38, 4, 35, 4.7, 'Tudo excelente, sem pontos negativos.', '2025-07-01 12:00:00'),
(34, 39, 5, 36, 4.8, 'Boa estrutura e ótima experiência geral.', '2025-07-02 12:00:00'),
(35, 40, 6, 37, 4.9, 'Fechamento de viagem com ótima impressão.', '2025-07-03 12:00:00');